date,open,high,low,close,volume,trade_volume
20210830,81300,83000,80300,80900,175957,14352
20210827,83100,83800,81000,81300,193555,15883
20210826,83700,86500,83100,84000,267407,22641
20210825,80400,85300,78000,84300,395618,32597
20210824,75500,81500,75300,80000,474469,37281
20210823,71900,75600,71700,73800,213470,15761
20210820,75600,76200,71400,71700,311911,22797
20210819,75600,78800,75100,75200,294893,22557
20210818,77600,79300,77500,77700,200018,15643
20210817,81100,81100,77600,77600,332391,26178
20210813,81800,83800,80600,81200,259073,21123
20210812,84400,84800,82800,82900,237814,19854
20210811,85200,85700,83500,85100,258916,21933
20210810,88500,89100,85000,85100,261493,22662
20210809,90500,90800,87800,88100,359258,31970
20210806,83000,91200,82900,91000,1109076,98765
20210805,84200,84500,81600,81600,198458,16454
20210804,81100,83100,79800,82500,207405,16840
20210803,81600,83500,79900,81700,248413,20215
20210802,80600,83900,80200,81800,149510,12293
20210730,82400,82900,78500,80000,179233,14473
20210729,81700,82800,81400,82700,91943,7564
20210728,81500,83300,80700,81600,162998,13319
20210727,82400,84100,81900,82100,174275,14411
20210726,86400,87000,81800,83600,290365,24297
20210723,86900,88600,85800,86200,146198,12688
20210722,91300,91900,87500,87700,239166,21261
20210721,86300,90600,85100,89700,289240,25610
20210720,87900,87900,84900,85100,212880,18259
20210719,87900,89000,87200,88100,111756,9832
20210716,88100,90200,87500,88600,180279,15952
20210715,88400,90000,88000,88500,185075,16395
20210714,89100,90000,87500,88300,264511,23440
20210713,93100,93800,89700,90200,348328,31688
20210712,92800,96000,92800,93100,239846,22471
20210709,90200,94900,89000,93300,530220,49549
20210708,94100,95100,90500,91000,479967,44222
20210707,95500,97900,94300,94300,375299,35959
20210706,96100,99000,93500,95300,460349,44313
20210705,91300,97500,91000,96300,629288,59757
20210702,88400,91700,87500,91700,575903,51944
20210701,84100,87700,83500,87700,329196,28245
20210630,82000,84600,81900,83700,200726,16764
20210629,82300,83000,81100,82000,147861,12096
20210628,83300,83300,81500,82200,159399,13118
20210625,82100,84100,80500,83200,303812,25096
20210624,79900,82700,79000,80900,397502,32354
20210623,78600,80400,78300,78300,214769,16949
20210622,79100,80700,78200,78200,232663,18488
20210621,77500,80500,77100,78800,187720,14756
20210618,75400,79000,75300,78600,289223,22539
20210617,75700,76100,74600,75500,114071,8586
20210616,75900,76900,74400,76300,161421,12203
20210615,77700,77800,75400,75900,165407,12600
20210614,76100,78600,76000,77700,284267,22062
20210611,76200,79800,75100,75200,485848,37512
20210610,71800,75800,71400,74900,489049,36380
20210609,74600,75100,71500,71600,316688,23047
20210608,70500,76500,70500,74600,740832,54952
20210607,70300,71200,69400,69900,163932,11491
20210604,71600,71700,69800,69900,205526,14421
20210603,69600,72400,69000,71500,177122,12627
20210602,70600,71000,69600,70200,139483,9799
20210601,72200,72300,70000,70300,291829,20656
20210531,71200,76800,71000,73000,423299,31261
20210528,70700,71400,70400,70600,124414,8823
20210527,70400,72200,70000,70500,267248,18958
20210526,72500,73000,70300,70500,764495,51978
20210525,68000,72000,67000,71400,538018,37458
20210524,69700,70800,66500,67100,350760,23862
20210521,71000,73600,69900,70100,340897,24421
20210520,73100,73200,70000,70200,250560,17742
20210518,72800,74100,71700,73400,142441,10419
20210517,72600,74000,71200,72800,196490,14220
20210514,71600,73500,70200,72800,189516,13700
20210513,71500,73400,71000,71100,234583,16887
20210512,75400,76400,73600,74000,194765,14531
20210511,79000,79000,75800,76000,234886,18040
20210510,77100,80500,76300,79300,184811,14542
20210507,76000,81500,75800,77000,278058,21851
20210506,76600,76900,74500,76700,232729,17619
20210504,76000,78600,75800,77500,236827,18253
20210503,79500,81600,76900,77200,277744,21856
20210430,83000,83800,78200,80700,254658,20599
20210429,84500,86700,82100,82900,241099,20440
20210428,85100,86700,84400,84400,182968,15588
20210427,86200,87300,85600,85800,144674,12458
20210426,88100,88100,86000,86700,214333,18509
20210423,90100,91600,88100,88100,242564,21640
20210422,88200,93100,85400,91200,466783,41549
20210421,89700,90400,87400,87400,270783,23929
20210420,91800,92100,90400,90500,153422,13959
20210419,93300,93400,91100,92200,166288,15368
20210416,90700,93200,89500,93000,234162,21371
20210415,92900,93000,90400,90600,193862,17653
20210414,87900,95000,87700,92500,445635,41150
20210413,87800,89000,86100,87100,220022,19225
20210412,86900,88100,85400,88100,265450,22936
20210409,88200,90900,88100,89000,135736,12123
20210408,87700,88600,85500,87700,94781,8273
20210407,85600,87500,84900,87400,87337,7556
20210406,87600,88500,85000,85400,123053,10621
20210405,89900,90400,86800,87300,136699,12022
20210402,91400,91600,89500,90000,105362,9488
20210401,90000,92400,89800,90600,103421,9410
20210331,90400,91400,89600,89600,101105,9128
20210330,90000,93000,90000,90600,128412,11723
20210329,94100,94100,90400,91000,177485,16220
20210326,94500,96900,93400,94400,171143,16204
20210325,99700,99700,94400,94800,257355,24711
20210324,103400,104200,99500,99700,317316,31958
20210323,103672,106272,101672,102405,466057,48640
20210322,105939,105939,103005,103539,417008,43429
20210319,102405,104939,100805,104272,460058,47473
20210318,103672,107072,101138,102672,376214,39004
20210317,102672,103605,100938,102672,297266,30405
20210316,101338,102672,99672,102472,264303,26868
20210315,100005,103072,98872,101405,390345,39682
20210312,95938,101338,93871,100005,909873,89607
20210311,92538,94938,90605,93471,509456,46996
20210310,80471,98005,79937,93471,2820445,258438
20210309,80204,80271,76404,78004,436690,33922
20210308,85338,85738,80671,81071,344389,28385
20210305,87338,87471,83804,85204,240441,20512
20210304,87204,87738,86071,86338,198017,17158
20210303,88671,91805,87804,89738,235278,21190
20210302,89071,90538,86471,87671,193822,17109
20210226,88938,89004,85004,86671,433715,37374
20210225,87138,94338,85338,90805,741848,67595
20210224,88538,89604,83204,83471,409178,35247
20210223,89938,92005,87471,87804,217840,19342
20210222,91738,95338,89671,90005,243169,22482
20210219,91471,91871,88671,91071,219888,19808
20210218,93471,93671,92138,92138,163457,15133
20210217,93471,94338,92205,94205,184387,17134
20210216,96405,96605,94138,94271,186927,17751
20210215,95538,97005,94471,96605,144200,13850
20210210,95805,96471,93938,95405,108448,10280
20210209,96538,97672,93805,95471,268313,25713
20210208,95005,96672,93471,93671,149262,14161
20210205,93338,98205,93271,95338,358712,34457
20210204,93271,93338,90538,92671,250964,23036
20210203,95671,95805,93005,94338,183930,17326
20210202,95738,97338,93338,95605,200829,19187
20210201,88538,96338,88338,95671,431776,39940
20210129,94338,97138,88004,88738,499835,46021
20210128,96005,97005,94005,94071,317768,30209
20210127,100538,100538,98072,98072,202592,20002
20210126,104605,105072,99472,100205,301728,30606
20210125,97938,103872,96805,102472,377462,38383
20210122,100205,100205,97672,98005,237839,23410
20210121,103539,103872,99605,100072,243684,24600
20210120,100338,104205,99538,103005,440084,45101
20210119,95205,100872,92338,99672,582875,56099
20210118,98805,99338,94271,95805,576168,55717
20210115,102605,102605,99472,100472,364350,36591
20210114,102405,103739,100872,101605,247696,25258
20210113,102205,103605,100472,101338,381020,38684
20210112,103405,105605,102072,102205,373010,38562
20210111,106872,108139,102405,104005,745644,78063
20210108,115806,115806,106339,106939,1084348,118103
20210107,110939,125406,109672,111339,1442505,165963
20210106,112472,113539,110072,111006,455652,50823
20210105,115006,115539,110739,112339,703750,79096
20210104,120139,120539,113339,115006,945523,109468
20201230,117739,120939,117673,119806,1024708,122132
20201229,109539,118406,106872,118139,3120928,351033
20201228,106672,108739,100605,101338,2906357,302347
20201224,101338,106005,99872,104405,1738142,179858
20201223,105805,107339,99805,100272,1241377,127692
20201222,111339,111872,105805,106139,870021,94589
20201221,113606,113606,110006,111339,670862,75017
20201218,116139,116272,113272,113739,560696,64119
20201217,118473,118473,116539,116673,421321,49514
20201216,118539,120273,116806,118539,319580,38007
20201215,121606,121606,115539,118006,638295,75522
20201214,117473,120606,114472,118006,665136,78900
20201211,117339,119139,115006,116673,595100,69895
20201210,113206,115672,112672,115206,330232,37992
20201209,114606,115606,112672,113806,324701,37035
20201208,117873,120273,113539,113806,770646,89963
20201207,110739,117806,110672,116206,768175,88554
20201204,113606,114739,111406,111739,329145,37019
20201203,113872,115339,111139,113606,386901,43705
20201202,115339,116673,110806,114139,621473,70277
20201201,109339,118206,107939,116339,1224392,140119
20201130,109672,109739,106339,107139,517564,55552
20201127,108605,110939,107539,109605,270789,29737
20201126,106539,109005,105072,108939,397146,41971
20201125,109472,111206,106072,106405,367533,39806
20201124,113939,113939,108472,109472,355790,39125
20201123,115206,116606,112272,112672,321270,36577
20201120,108672,114939,108672,113806,403607,45456
20201119,110739,111472,107539,110006,286457,31374
20201118,110139,110872,108472,110339,213387,23468
20201117,105005,110406,104339,109605,326262,35062
20201116,107672,108339,105539,106672,209195,22408
20201113,105672,108072,102805,107139,236696,24912
20201112,105339,108405,104205,105605,314408,33462
20201111,105005,106005,100672,103339,486768,50149
20201110,112739,113006,106405,106539,448913,48464
20201109,111939,114472,111872,112606,304843,34507
20201106,115539,116673,110872,111339,440145,49704
20201105,116739,119539,112206,115539,622824,71685
20201104,110806,118339,109339,117806,959852,111120
20201103,106672,110806,106339,108872,331140,36168
20201102,105672,107872,102672,105605,225563,23889
20201030,110672,111072,105205,105539,354428,38235
20201029,108605,112139,106672,111939,437453,47876
20201028,101338,115206,101272,111472,812977,88463
20201027,96738,104539,95205,101205,615572,62000
20201026,106805,107005,98405,98738,588272,59358
20201023,103339,108205,103339,106805,369409,39285
20201022,108272,108272,103539,103805,340112,35817
20201021,111206,111206,105739,109405,312328,33883
20201020,105872,109805,102405,109339,586529,61826
20201019,113339,113606,107605,108672,314542,34668
20201016,113272,115339,112006,113339,250427,28420
20201015,118806,118806,111939,113339,431546,49203
20201014,122539,122539,118539,119673,225268,26978
20201013,120206,124340,120006,122539,330838,40585
20201012,120873,121873,119139,120006,173072,20762
20201008,122673,123673,118873,120739,293957,35378
20201007,123406,124006,121273,122339,223043,27325
20201006,123473,127006,122606,124206,296130,36955
20201005,122673,122673,118806,120673,305707,37049
20200929,121873,122273,117673,120206,334561,40157
20200928,113072,122606,112672,118673,484461,56529
20200925,110672,115806,109672,111739,553580,62419
20200924,116673,118539,108605,109939,743562,83691
20200923,125873,126006,117406,120006,547147,66269
20200922,126006,130673,122006,123806,508418,63581
20200921,136207,136940,127340,128140,481222,63221
20200918,136273,139407,133673,136140,684252,93286
20200917,143541,145207,136540,136607,383168,53867
20200916,141940,144741,140207,143474,352277,50307
20200915,135473,142874,134007,141274,539634,75269
20200914,136007,137007,133073,134473,243837,32781
20200911,135340,137874,132407,135007,323696,43423
20200910,140007,140007,133940,135340,355221,48362
20200909,137340,138407,133007,133540,447897,60551
20200908,144741,148207,139140,139140,507867,73265
20200907,142807,144007,140474,143074,510012,71764
20200904,140007,145874,140007,142807,690345,98546
20200903,147674,150474,144741,148874,497086,73261
20200902,138207,152008,136540,148607,1649682,241595
20200901,135473,138540,132673,136407,874450,118339
20200831,125006,139340,124606,139340,3985616,539181
20200828,122206,127873,122139,122739,810499,101079
20200827,125406,126873,120873,122139,505286,62342
20200826,125206,126540,123339,125140,605544,75779
20200825,123873,125673,121873,124606,622646,76908
20200824,112806,125806,112406,122473,1386724,166803
20200821,111539,113806,108272,111406,543444,60530
20200820,113139,116006,109139,110606,669678,75126
20200819,112406,115406,109672,113339,648224,73029
20200818,113939,118873,107339,111006,1001773,114167
20200814,126340,126340,114606,115406,1118061,133894
20200813,124006,129340,122139,125140,1169094,146435
20200812,127406,127473,121139,126673,515338,64249
20200811,132007,133273,127273,127740,430510,55539
20200810,134140,134740,132073,132073,295454,39279
20200807,130273,138007,129273,133340,820694,109915
20200806,131340,131607,128140,129873,293948,38074
20200805,131673,132207,129140,130207,311773,40692
20200804,128673,136340,127073,128473,867681,113518
20200803,130006,132873,124606,126406,678640,87085
20200731,116272,132540,115072,126806,1538319,193121
20200730,114206,118339,113472,116272,293568,33955
20200729,116139,116606,114206,114206,258212,29663
20200728,116339,117473,114339,116739,359414,41635
20200727,118006,120739,113539,116006,505430,59338
20200724,121473,127673,116673,118206,1003942,121989
20200723,106872,129540,105339,123339,2988158,356905
20200722,100717,109088,98716,102951,2133604,223102
20200721,95214,101351,94881,99917,1344090,132821
20200720,95448,96281,94147,95214,432153,41210
20200717,95948,96415,95281,95448,314648,30102
20200716,96548,96715,94914,95881,378477,36265
20200715,95181,96415,93547,95981,504144,48051
20200714,93080,96348,92580,94847,618129,58278
20200713,97816,97816,94747,94747,617352,59052
20200710,97215,98383,95214,98016,818234,79301
20200709,98883,99650,96382,98016,867664,85094
20200708,94714,99216,91412,97749,1616030,155275
20200707,93080,100784,90112,93714,4179205,404801
20200706,88378,91512,87277,91379,1362816,122305
20200703,83375,86710,79707,86677,1568798,130276
20200702,84676,87077,78439,82241,1932789,157919
20200701,89411,90312,84709,85076,874045,76150
20200630,88044,91046,84376,88878,1584486,139795
20200629,92313,93580,84742,86843,2402567,212931
20200626,96015,97382,92279,94714,1691556,160458
20200625,99350,100017,87044,94381,4602600,431737
20200624,109722,126730,90045,94781,8439064,863380
20200623,115124,117959,105720,110055,2815832,311787
20200622,89045,114457,87777,111856,4043292,409620
20200619,90379,92380,84376,89045,1365664,121739
20200618,80173,88177,80140,86710,2158393,183123
20200617,77739,80707,74871,78939,1003196,78026
20200616,75705,78739,74637,77839,789805,60796
20200615,78072,79540,71969,72370,960123,73253
20200612,70702,81207,70035,78873,1638975,126942
20200611,76705,78873,73704,76372,1169805,88846
20200610,79040,79040,75371,76838,1033232,79165
20200609,83709,83709,75805,79640,2021637,159878
20200608,84942,84942,81708,83842,843058,70034
20200605,72470,83375,72470,81274,2704033,210908
20200604,73904,77072,66733,72470,4667418,335640
20200603,85043,85643,60364,64666,3878945,273383
20200602,86043,86677,80640,85876,632243,53718
20200601,82441,89378,82408,85576,1559007,133262
20200529,76105,81674,74070,80607,1154750,90745
20200528,76038,76705,72536,75638,845232,63058
20200527,68368,78739,67967,73470,2275520,168114
20200526,67967,68568,65633,67167,715580,47802
20200525,65933,68334,65366,67767,1078618,72422
20200522,62998,68368,62765,65700,2335442,153970
20200521,62164,63598,61297,63065,876531,54629
20200520,64366,65700,62198,62198,1407691,89204
20200519,60597,66333,57395,65866,3972792,250748
20200518,61898,62631,59363,59363,845253,51555
20200515,59263,63332,58796,60830,1603829,97911
20200514,61698,62865,58563,59997,1677346,101974
20200513,55828,65633,55128,60797,4238714,258440
20200512,56362,58129,52526,57595,2685442,147705
20200511,49025,60630,48558,56161,6933277,381721
20200508,46390,49692,46056,48358,3471772,165248
20200507,41954,46790,41788,46023,4246267,188518
20200506,40720,47190,40087,41754,8113526,353918
20200504,32016,40687,31816,39687,6992597,258428
20200429,30915,32183,30849,31416,587409,18569
20200428,31783,31783,30782,30849,604789,18820
20200427,31749,31883,31316,31549,433862,13715
20200424,32350,32983,31249,31282,913235,29242
20200423,31116,32916,30582,32650,1423877,45314
20200422,30782,31149,30282,31049,699448,21455
20200421,30349,31716,29381,31216,1719079,52841
20200420,30715,31149,30382,30549,423328,12997
20200417,31216,31349,30449,30815,566657,17464
20200416,28914,30782,28881,30682,868516,26276
20200414,28814,30048,28748,29381,710186,20902
20200413,29848,30182,28614,28614,854069,24976
20200410,30315,30882,29048,30048,913766,27438
20200409,30849,31949,29948,30115,1257199,38812
20200408,30415,30749,29682,30082,971985,29366
20200407,28114,30849,28047,30415,3235259,96443
20200406,26813,27781,26780,27781,1104546,30226
20200403,27114,27681,26080,26813,1339634,36148
20200402,26246,26780,25213,26613,1295880,33765
20200401,27347,28448,25713,25713,1656144,44929
20200331,26447,27647,25946,27347,2168783,58301
20200330,23478,26113,23178,25646,1949022,48976
20200327,25179,26447,23245,24112,2963469,73718
20200326,25013,25713,24079,24346,2241742,55819
20200325,26146,26513,24112,25313,3276600,83262
20200324,21411,25579,20944,24612,5872798,139018
20200323,19410,21311,19010,20344,2327577,46538
20200320,20777,21678,19510,20910,3370921,70078
20200319,23512,23712,18376,19643,4092198,85167
20200318,24546,25113,22044,22044,2587217,62055
20200317,21011,24879,20977,24279,3939580,92687
20200316,24012,25913,22378,22378,3543088,85438
20200313,24312,25479,20710,23212,4747601,109280
20200312,27080,28214,25313,26313,2642516,70640
20200311,30349,30615,26647,27647,2160255,61338
20200310,29748,30582,29048,30349,1469991,43736
20200309,29982,30915,29481,29915,1428705,42912
20200306,31883,32350,30549,31116,1350726,42234
20200305,32516,33050,31282,32516,1622978,52286
20200304,29481,32083,29381,31949,1782789,55577
20200303,30915,31482,29415,29548,1471298,44939
20200302,29181,30182,28581,29682,1844681,54248
20200228,30482,31282,28614,28848,2245061,67120
20200227,32183,33150,30048,30882,1893196,59790
20200226,33017,33684,31883,32383,2033523,66271
20200225,30949,34017,30849,33850,2525409,82831
20200224,31349,32650,30849,30915,1563178,49354
20200221,33483,33984,32850,32850,1332651,44331
20200220,32650,34517,32516,34084,2083169,69630
20200219,32483,33083,31816,32850,1175889,38209
20200218,32016,33083,31449,32483,1560900,50393
20200217,33317,33650,31849,32350,2395148,78474
20200214,29181,32916,29181,32850,6488486,205970
20200213,30315,30649,29015,29081,1392681,41316
20200212,29715,30982,29481,29982,1678603,50785
20200211,29015,31282,28814,30115,2965820,88472
20200210,30515,30815,29015,29015,2457445,73369
20200207,27080,33750,26947,30282,11110633,337371
20200206,27514,28114,26413,27447,3523673,96150
20200205,22911,26780,22378,26780,5641715,138629
20200204,21978,22945,21911,22545,1112225,24996
20200203,20810,22011,20510,21878,991556,21310
20200131,21411,22278,20944,21277,936639,20226
20200130,21344,22378,21344,21711,1019895,22272
20200129,20644,22645,20477,21778,1539733,33318
20200128,20177,20577,20010,20344,825052,16756
20200123,20844,21244,20644,21044,617937,12902
20200122,20544,21344,20510,20910,605307,12643
20200121,21077,21277,20344,20544,1131571,23378
20200120,22044,22044,21311,21311,803889,17342
20200117,21444,23012,21177,21944,1658549,36708
20200116,21444,21844,20977,21277,788495,16771
20200115,21577,21944,21277,21577,552894,11948
20200114,22745,22745,21311,21511,1225091,26729
20200113,22211,22845,21878,22611,801697,17911
20200110,21577,22745,21177,22178,1257451,27833
20200109,21277,21511,20977,21377,974831,20739
20200108,21277,21344,19810,20243,2483124,50931
20200107,21277,21778,21177,21577,877736,18873
20200106,21678,21744,20910,20977,1904366,40436
20200103,23178,23245,22078,22478,1492555,33732
20200102,22778,23445,22278,23278,1486393,33953
20191230,21344,23178,21177,22311,2649187,59296
20191227,21011,21811,20777,21177,2211931,46995
20191226,19476,20644,19243,20577,2586336,51245
20191224,19476,19710,19176,19343,1101154,21369
20191223,19410,20277,19243,19376,2128270,41868
20191220,19010,19576,18743,19210,1137535,21890
20191219,19943,19977,18709,18909,1447115,27947
20191218,20310,22311,19643,19843,4540480,94585
20191217,19710,20310,19443,20243,2031220,40507
20191216,19276,19777,19043,19476,1287430,25026
20191213,19143,19576,18843,19210,1360855,26145
20191212,18476,20410,18276,19010,4951661,96088
20191211,19110,19210,18042,18176,1552840,28731
20191210,19143,19610,18743,19143,1900237,36476
20191209,19643,19677,18276,19010,2062495,39006
20191206,19710,20510,18709,19410,3025559,59442
20191205,22044,22278,19643,19677,3879565,80368
20191204,21778,23245,21011,22111,5450264,120764
20191203,24379,25746,21477,22111,16902402,392859
20191202,21611,21611,21611,21611,532171,11501
20191129,15458,16775,15458,16642,1124003,18392
20191128,16008,16558,15708,15708,610936,9752
20191127,16458,16492,15608,16075,883397,14109
20191126,16875,16875,16175,16525,879370,14470
20191125,14557,17042,14557,16575,2522054,40866
20191122,14691,14907,14007,14240,722195,10441
20191121,14757,15258,14374,14691,705157,10491
20191120,16041,16208,14407,14607,1665043,25010
20191119,16458,16642,15958,16008,660297,10728
20191118,15791,16975,15591,16558,952408,15732
20191115,16025,16091,15775,15775,496051,7887
20191114,15491,16308,15141,15925,616981,9748
20191113,16775,16808,15341,15491,916168,14633
20191112,16658,17009,16425,16658,420492,7015
20191111,16775,17242,16408,16625,650144,10893
20191108,15725,16658,15524,16625,1047085,17122
20191107,15324,15958,15324,15708,485112,7602
20191106,15675,15841,15341,15441,535256,8310
20191105,14907,15958,14757,15675,863733,13306
20191104,14991,15158,14824,14841,464183,6967
20191101,14307,14941,14274,14841,546702,8066
20191031,14507,15091,14307,14374,665886,9772
20191030,14524,14691,14074,14474,497400,7149
20191029,14807,14891,14524,14574,404051,5916
20191028,13790,14891,13790,14641,928123,13537
20191025,13774,14024,13707,13774,366291,5062
20191024,14240,14257,13573,13907,577736,7954
20191023,13874,14424,13790,14024,821922,11601
20191022,13890,14257,13573,13690,816537,11339
20191021,14024,14424,13924,14007,462723,6545
20191018,14240,14357,13974,14124,381844,5388
20191017,14140,14657,13824,14274,695502,9924
20191016,14007,14240,13807,14140,437451,6144
20191015,13040,14974,12973,14024,1750141,24605
20191014,12823,13007,12556,13007,393193,5025
20191011,12823,12873,12573,12606,340483,4321
20191010,12540,13057,12540,12773,539700,6871
20191008,13107,13107,12556,12606,821994,10453
20191007,12940,13373,12756,13107,1149412,15060
20191004,12473,12823,12356,12623,585643,7390
20191002,12340,12756,12089,12473,835958,10427
20191001,11539,12456,11422,12440,1116840,13508
20190930,11739,11823,11139,11422,355799,4086
20190927,11773,12106,10839,11539,462537,5336
20190926,11539,12156,11522,11656,620873,7329
20190925,11506,11856,11289,11422,419838,4856
20190924,11006,12039,10989,11622,599862,6966
20190923,11989,11989,11539,11539,469193,5460
20190920,11956,12273,11873,11973,280717,3358
20190919,11839,12306,11806,12039,431031,5193
20190918,12273,12406,11789,11839,503508,6064
20190917,11389,12406,11306,12206,1081883,13061
20190916,11006,11506,10672,11489,612894,6824
20190911,10822,11139,10722,10972,307574,3368
20190910,11106,11372,10739,10822,492516,5370
20190909,11339,11839,11156,11222,873754,10044
20190906,11339,11439,10989,11172,320477,3585
20190905,11556,11572,11072,11239,607934,6858
20190904,10822,11506,10589,11506,921175,10252
20190903,10922,11356,10739,10855,1033940,11402
20190902,10389,11156,10222,10839,1335898,14376
20190830,10789,10922,10188,10372,1296552,13636
20190829,10622,11422,10272,10589,2564576,27433
20190828,8988,10739,8788,10739,4840303,48065
20190827,8037,8271,7971,8271,266417,2176
20190826,8204,8338,7787,7871,466963,3753
20190823,8638,8838,8538,8621,240669,2076
20190822,8938,9021,8721,8804,255124,2247
20190821,8671,8954,8604,8921,348279,3064
20190820,8137,8954,8054,8854,757325,6574
20190819,8254,8338,8037,8104,152204,1237
20190816,7904,8221,7671,8187,292135,2329
20190814,8171,8271,7987,8037,264387,2147
20190813,8604,8604,7904,7937,737310,5975
20190812,8271,9005,8004,8638,562594,4811
20190809,8121,8237,7904,8021,281109,2258
20190808,7887,8187,7754,8137,380627,3053
20190807,7470,7887,7454,7887,756072,5824
20190806,6853,7971,6820,7237,1358612,10130
20190805,9071,9138,7320,7337,1415601,11483
20190802,9338,9638,9105,9188,581487,5409
20190801,9505,10138,9505,9755,328096,3240
20190731,9705,9905,9005,9688,683823,6417
20190730,10005,10238,9772,9772,210042,2104
20190729,10405,10405,9822,9838,272177,2725
20190726,10455,10639,10155,10455,219499,2267
20190725,10572,11139,10539,10539,245034,2650
20190724,10605,10905,10572,10689,152273,1632
20190723,11506,11556,10539,10722,417895,4620
20190722,10822,11206,10789,11056,164333,1818
20190719,10905,11089,10805,10939,212750,2327
20190718,10589,11172,10422,10905,294519,3166
20190717,10839,10889,10572,10772,395010,4246
20190716,10305,11039,10222,10839,503160,5425
20190715,10322,10489,10022,10339,283670,2916
20190712,10672,10672,10238,10439,319037,3317
20190711,10505,10655,10272,10639,263724,2767
20190710,9838,10572,9838,10305,387739,3982
20190709,9955,10222,9772,9855,449208,4494
20190708,10772,10822,9638,9805,921715,9310
20190705,10422,10955,10372,10939,360870,3839
20190704,10689,11172,10272,10439,571973,6033
20190703,11239,11489,10622,10789,489586,5324
20190702,11839,12039,11106,11272,506390,5825
20190701,11239,12189,11006,11989,790336,9207
20190628,10755,11222,10739,10939,699469,7715
20190627,11989,12139,10472,10772,1255832,14012
20190626,12139,12406,11889,12006,451703,5476
20190625,12556,12706,12206,12306,486297,6042
20190624,13323,13440,12523,12773,472897,6061
20190621,13423,13607,13240,13323,207079,2768
20190620,13190,13674,13107,13540,409172,5497
20190619,13590,13674,12806,13190,782102,10337
20190618,14157,14407,13323,13490,981541,13420
20190617,14607,14624,14124,14290,557910,7958
20190614,15191,15258,14591,14607,510837,7562
20190613,15508,15574,14991,15124,1924528,29193
20190612,15141,15608,14907,15608,890519,13658
20190611,14424,15258,14424,15091,1015793,15157
20190610,14541,14607,14307,14424,314666,4543
20190607,14090,14441,13974,14374,364282,5182
20190605,14024,14457,13990,14007,367187,5210
20190604,14057,14407,13924,13990,235481,3323
20190603,14107,14407,14057,14140,154816,2191
20190531,13690,14607,13690,14257,319292,4561
20190530,14307,14474,13707,13757,336321,4698
20190529,14724,14891,14107,14190,502576,7215
20190528,14707,15091,14374,14907,828657,12314
20190527,14657,14891,14491,14707,489973,7194
20190524,14257,14774,14174,14707,486273,7091
20190523,14641,14707,13907,14441,685889,9869
20190522,14907,15574,14140,14407,2035604,29750
20190521,13373,14024,13157,13857,606777,8245
20190520,13907,14074,12906,13373,684570,9245
20190517,14507,14707,13623,13924,676648,9494
20190516,15108,15258,14391,14507,491583,7291
20190515,15474,15675,14807,15108,1278420,19480
20190514,14074,14741,14024,14624,502495,7292
20190513,14057,14591,14057,14257,324042,4640
20190510,14007,14391,13874,14057,236471,3330
20190509,14641,14741,13757,14040,457133,6470
20190508,14507,14774,14274,14557,389943,5656
20190507,14774,15124,14524,14841,731442,10797
20190503,14090,15091,14040,15091,521148,7674
20190502,14674,14741,14057,14074,555010,7946
20190430,14374,14824,14274,14707,407595,5961
20190429,13690,14457,13690,14424,348834,4966
20190426,13523,13990,13373,13690,256312,3511
20190425,14007,14074,13557,13623,293334,4022
20190424,14341,14341,13907,14007,203319,2856
20190423,14674,14674,13840,14140,306729,4346
20190422,14541,15041,14274,14607,430498,6345
20190419,13640,14524,13640,14441,560615,8013
20190418,14207,14357,13173,13640,876306,11899
20190417,14224,14507,14224,14274,175130,2508
20190416,14140,14591,14057,14341,330330,4729
20190415,14724,14774,14140,14224,407469,5834
20190412,15341,15408,14657,14724,378087,5645
20190411,15058,15141,14707,14841,279868,4162
20190410,14140,15074,14040,14941,674099,9923
20190409,14807,14907,13907,14324,716624,10228
20190408,14541,14907,14107,14807,619322,9057
20190405,15541,15608,14557,14591,715241,10724
20190404,15341,15841,15191,15608,454657,7050
20190403,15508,15841,15208,15308,529961,8229
20190402,16041,16158,15358,15491,651232,10201
20190401,16108,16308,15558,16091,573565,9172
20190329,15174,16158,15008,16091,828039,12964
20190328,14974,15591,14691,15008,664696,10076
20190327,16141,16208,15208,15208,639631,10003
20190326,15258,16408,15158,16041,1428063,22745
20190325,15508,15825,14957,15024,918180,14019
20190322,15758,15908,15224,15891,738249,11522
20190321,16291,16675,15808,15875,1141856,18465
20190320,15141,16175,14841,16175,1214483,18884
20190319,15224,15508,14841,15158,734363,11098
20190318,15258,15841,15041,15224,1558969,24093
20190315,14341,15608,14174,15208,2580597,38490
20190314,14040,14474,13940,14224,612963,8671
20190313,14007,14874,13523,14040,1782876,25256
20190312,12940,13974,12806,13840,1799238,24298
20190311,13173,13290,12340,12806,3636402,45592
20190308,11989,13073,11873,12840,1860300,23731
20190307,11472,12256,11172,11989,875235,10485
20190306,11873,11939,11339,11522,373805,4305
20190305,11789,11923,11589,11756,321019,3772
20190304,12006,12073,11589,11723,920438,10902
20190228,10439,11823,10372,11372,1777532,20100
20190227,10238,10439,10155,10355,182648,1874
20190226,10238,10439,10172,10188,116276,1196
20190225,10455,10605,10105,10205,376552,3854
20190222,10739,10855,10405,10439,252651,2673
20190221,10955,11022,10739,10739,211436,2302
20190220,10955,10989,10805,10955,116873,1269
20190219,10855,11022,10672,10939,135364,1471
20190218,10805,11039,10639,10922,293526,3204
20190215,10355,10705,10339,10705,186468,1961
20190214,10639,10639,10272,10422,165442,1727
20190213,10622,10772,10455,10505,175352,1861
20190212,10605,10772,10405,10605,205685,2179
20190211,10472,10655,10339,10605,269463,2842
20190208,10105,10439,10005,10422,210150,2154
20190207,10272,10272,9955,10088,171688,1729
20190201,9805,10105,9621,10105,243154,2383
20190131,9521,9722,9438,9638,177439,1701
20190130,9805,10105,9255,9505,405424,3906
20190129,9872,9938,9688,9722,172909,1692
20190128,9938,10105,9922,9972,126549,1265
20190125,10188,10188,9938,10022,98810,988
20190124,9955,10105,9838,10072,170249,1698
20190123,10038,10105,9872,9922,108855,1082
20190122,9822,10172,9755,10072,208777,2091
20190121,10072,10138,9822,9822,146147,1451
20190118,9988,10088,9822,9972,140873,1398
20190117,9588,10072,9571,9988,279613,2742
20190116,9805,9905,9555,9588,255277,2457
20190115,9788,10205,9772,9805,249157,2487
20190114,10255,10305,9738,9772,339928,3360
20190111,10255,10422,10105,10255,264117,2713
20190110,10339,10439,10122,10288,231970,2386
20190109,10622,10839,10072,10238,618678,6345
20190108,10639,10789,10322,10605,339100,3567
20190107,10905,10905,10339,10639,349094,3695
20190104,10339,10722,10205,10639,548327,5779
20190103,10305,10472,9905,10205,766213,7878
20190102,9772,10305,9772,10305,696645,6998
20181228,9355,9855,9355,9538,396351,3817
20181227,8954,9455,8954,9388,476453,4347
20181226,8521,8788,8421,8688,343607,2969
20181224,8371,8738,8321,8671,375379,3210
20181221,8371,8604,8371,8404,317250,2679
20181220,8338,8638,8171,8404,389220,3267
20181219,8371,8554,8321,8371,323742,2716
20181218,8187,8838,8154,8371,325136,2757
20181217,8688,8771,8271,8504,384132,3259
20181214,9371,9371,8638,8821,425652,3804
20181213,9488,9555,9171,9371,238306,2235
20181212,9488,9588,9438,9488,130714,1241
20181211,9655,9755,9321,9471,118882,1128
20181210,9822,9905,9505,9621,136090,1316
20181207,9621,10122,9621,9972,374615,3723
20181206,9488,9638,9455,9505,347514,3304
20181205,9672,9772,9438,9488,252267,2414
20181204,9955,10055,9772,9838,170594,1689
20181203,10038,10055,9888,9955,153754,1536
20181130,9938,10088,9838,9922,109001,1084
20181129,10172,10305,9922,9938,180978,1827
20181128,10088,10172,10005,10038,115184,1161
20181127,10005,10272,9955,10072,147052,1488
20181126,9822,10088,9772,9955,146645,1459
20181123,10072,10305,9872,9905,147055,1477
20181122,10155,10389,10072,10122,184015,1876
20181121,10155,10272,9838,10138,245910,2467
20181120,10305,10605,10238,10272,194837,2028
20181119,10339,10472,10105,10472,207418,2137
20181116,9955,10205,9855,10172,208933,2096
20181115,9955,10122,9621,9822,246873,2425
20181114,10238,10405,9988,9988,239259,2425
20181113,9972,10238,9672,10188,364120,3621
20181112,10472,10555,10122,10155,311202,3223
20181109,10689,11089,10622,10772,273646,2960
20181108,10755,10822,10555,10722,197265,2107
20181107,10772,10939,10288,10505,341523,3634
20181106,10539,10922,10355,10805,374189,3982
20181105,9905,10522,9855,10439,388534,3997
20181102,9605,9972,9605,9922,233850,2295
20181101,9471,9672,9321,9455,264621,2519
20181031,9288,9471,9071,9188,185823,1720
20181030,8554,9255,8504,9188,438003,3881
20181029,9021,9672,8754,8754,611394,5654
20181026,10072,10172,9088,9188,450849,4266
20181025,9905,10105,9538,9938,318882,3142
20181024,10805,10872,10072,10205,304387,3173
20181023,10922,11289,10555,10589,417811,4579
20181022,10855,11189,10739,11122,262684,2898
20181019,10572,10972,10305,10955,261448,2784
20181018,10589,10805,10472,10639,174945,1856
20181017,10855,10889,10405,10489,160084,1699
20181016,10372,10972,10372,10555,223451,2380
20181015,10539,10639,10205,10355,259655,2708
20181012,10288,10605,9938,10539,344195,3544
20181011,9905,10322,9822,9905,568621,5708
20181010,10705,10939,10372,10489,471412,4986
20181008,10939,11372,10805,10805,379019,4205
20181005,11372,11706,11122,11189,477094,5402
20181004,11222,12556,11022,11706,1270552,15114
20181002,11973,12139,11139,11189,902774,10432
20181001,12940,12973,11939,12123,665601,8185
20180928,13073,13190,12790,12840,495808,6420
20180927,12673,13123,12673,12856,576990,7439
20180921,12506,12706,12206,12673,488582,6117
20180920,12273,13040,12089,12373,1218102,15424
20180919,12723,12773,12323,12373,755907,9449
20180918,11206,13173,11206,12740,3125850,39039
20180917,11372,11489,11256,11306,230993,2619
20180914,11406,11622,11139,11306,429865,4910
20180913,11389,11589,10855,11222,738039,8219
20180912,11306,11806,11122,11422,768834,8857
20180911,11539,11789,11239,11372,647952,7404
20180910,11923,11956,11489,11539,636741,7427
20180907,11039,11906,10955,11673,1885460,21732
20180906,10639,11306,10455,10955,1206519,13246
20180905,11006,11089,10622,10622,693850,7538
20180904,10922,11406,10839,10972,1282207,14213
20180903,10205,11056,10072,10672,2097517,22526
20180831,9822,10222,9805,10138,484273,4896
20180830,9938,10072,9805,9822,249280,2471
20180829,10005,10138,9805,9922,283178,2828
20180828,10105,10505,9905,9905,677658,6874
20180827,9605,10422,9538,10055,1504138,15098
20180824,9488,9938,9338,9605,608732,5907
20180823,9388,9471,9205,9421,232132,2164
20180822,9421,9421,9138,9305,326876,3022
20180821,8838,9705,8838,9321,1245529,11641
20180820,9005,9155,8771,8788,333064,2976
20180817,8604,8971,8521,8804,406300,3558
20180816,8237,8504,7971,8504,354516,2917
20180814,8321,8704,8304,8454,530435,4505
20180813,9005,9005,8204,8304,671799,5741
20180810,9488,9488,8938,8938,757745,6892
20180809,9488,9822,9455,9455,464483,4465
20180808,10005,10005,9521,9521,596978,5804
20180807,9955,10122,9672,10005,583619,5789
20180806,10172,10339,9905,9922,542483,5452
20180803,10622,10755,10255,10339,662162,6941
20180802,10288,11272,10088,10605,3223055,34619
20180801,9705,11422,9705,10389,6248117,66929
20180731,9588,9755,9421,9705,691505,6638
20180730,9505,9872,9371,9555,1638891,15841
20180727,9705,9788,9288,9438,1568144,14946
20180726,10005,10155,9371,9888,4027235,39493
20180725,7604,9805,7204,9805,6874708,63055
20180724,7604,8087,7554,7554,528294,4127
20180723,8304,8438,7604,7604,698210,5573
20180720,9388,9455,8287,8404,675487,5912
20180719,9621,9738,9271,9371,328525,3093
20180718,9872,9955,9488,9672,240483,2331
20180717,9838,10205,9772,9805,369202,3670
20180716,9905,10122,9772,9838,185826,1838
20180713,9805,9988,9788,9872,232276,2289
20180712,9805,10088,9755,9922,285868,2829
20180711,10238,10322,9838,9872,331736,3334
20180710,10372,10572,10138,10272,428678,4434
20180709,9538,10672,9505,10455,1169415,11972
20180706,9705,9755,9271,9605,290216,2776
20180705,9772,9872,9505,9672,230897,2242
20180704,9872,10022,9638,9638,870036,8391
20180703,10272,10339,9605,9972,334261,3338
20180702,10522,10772,10188,10188,807790,8432
20180629,9788,10472,9655,10305,545199,5510
20180628,9455,9922,9455,9822,425208,4144
20180627,9305,9738,9205,9455,291541,2765
20180626,9171,9238,8854,9188,310336,2798
20180625,9121,9455,9088,9238,169919,1570
20180622,9138,9305,8954,9255,267148,2445
20180621,9638,9688,9205,9205,222969,2100
20180620,9471,9772,9471,9588,291553,2805
20180619,9488,9738,9255,9521,349883,3316
20180618,9471,9872,9388,9555,356396,3404
20180615,9388,9722,9388,9555,264567,2521
20180614,9605,9805,9371,9388,465922,4431
20180612,9922,10255,9638,9738,481571,4768
20180611,10222,10422,9905,10022,374198,3803
20180608,10689,10689,10355,10372,263181,2756
20180607,10405,10672,10288,10672,312366,3266
20180605,10589,10822,10305,10322,408444,4288
20180604,10605,10922,10539,10622,374918,4029
20180601,9972,10739,9955,10589,713256,7458
20180531,10405,10472,9988,10038,262195,2649
20180530,10472,10555,10005,10255,338360,3468
20180529,10672,11006,10439,10472,468834,5008
20180528,10555,10805,10439,10755,619355,6556
20180525,10889,11006,10639,10939,459496,4999
20180524,10272,11072,10205,10889,867541,9297
20180523,10439,10605,10138,10205,296684,3056
20180521,10322,10739,10272,10505,439991,4620
20180518,10339,10705,10205,10322,406555,4227
20180517,11006,11039,10255,10339,541082,5708
20180516,10622,10922,10288,10772,707673,7534
20180515,11206,11322,10622,10672,653427,7133
20180514,11506,11506,10855,11039,642372,7140
20180511,11272,11889,11239,11589,903127,10429
20180510,11472,11539,11006,11306,626264,7072
20180509,10805,11506,10705,11472,1147058,12678
20180508,11906,12156,10972,10972,1061685,12292
20180504,12690,12756,11456,11606,1755052,21158
20180503,13407,15174,12373,12373,4028960,56267
20180502,12540,14957,12206,13340,4819454,66798
20180430,13674,13757,12506,13090,1761766,23073
20180427,13290,13674,12940,13557,1300585,17309
20180426,11956,13840,11939,13290,5378303,70472
20180425,11089,11589,11056,11422,785907,8904
20180424,11489,11939,11122,11172,1226186,14125
20180423,11906,11973,11172,11339,1462486,16810
20180420,12573,12923,11939,12173,1170651,14648
20180419,12606,12890,11923,12173,1538417,19010
20180418,13840,14891,12473,12923,2681145,37153
20180417,14090,14290,13507,13890,1763766,24475
20180416,12289,15341,12039,14090,9975019,140974
20180413,12990,13974,12273,12340,5095013,65733
20180412,12623,12690,11489,11823,2508849,30176
20180411,10772,13457,10639,12456,8291457,103918
20180410,10405,10922,10238,10639,2453739,25948
20180409,8504,11089,8488,10489,9607271,95763
20180406,8671,8704,8354,8604,1066402,9072
20180405,8237,8704,8121,8671,2094879,17747
20180404,8221,8438,7921,8004,865070,7072
20180403,7921,8237,7871,8154,572861,4636
20180402,8438,8471,7937,8054,1304621,10577
20180330,8287,8488,8154,8438,1337919,11132
20180329,8838,9155,8187,8221,2888714,24838
20180328,8087,8571,7721,8571,4577451,37085
20180327,7037,8638,6837,7837,10672033,86233
20180326,6503,6753,6253,6653,225157,1469
20180323,6503,6770,6370,6503,502996,3306
20180322,7087,7204,6753,6937,282384,1988
20180321,7270,7270,7020,7120,238135,1690
20180320,6887,7137,6853,7120,191337,1342
20180319,7204,7237,7004,7020,256582,1811
20180316,7170,7320,7137,7270,251703,1815
20180315,6853,7270,6837,7220,504096,3588
20180314,6953,6953,6787,6903,199400,1368
20180313,6870,6937,6720,6920,276060,1890
20180312,6603,6887,6520,6887,278288,1865
20180309,6603,6637,6453,6537,224861,1468
20180308,6070,6953,6036,6603,1220618,8057
20180307,6236,6303,6003,6053,276123,1699
20180306,6453,6453,6203,6303,204597,1283
20180305,6353,6420,6170,6337,249322,1567
20180302,6303,6453,6236,6370,168750,1071
20180228,6520,6603,6320,6337,197418,1271
20180227,6787,6803,6587,6603,197025,1314
20180226,6770,6803,6637,6670,173334,1164
20180223,6653,6737,6537,6653,128654,852
20180222,6753,6837,6587,6653,133994,896
20180221,6603,6870,6603,6770,174858,1178
20180220,6687,6737,6487,6587,146471,968
20180219,6403,6687,6353,6637,240657,1578
20180214,6170,6403,6086,6353,223178,1395
20180213,6370,6437,6136,6136,309919,1948
20180212,6503,6570,6320,6320,298447,1906
20180209,6503,6703,6320,6387,873277,5640
20180208,6887,7070,6753,6887,454279,3111
20180207,7104,7220,6620,6753,704738,4912
20180206,6470,6837,6170,6837,898930,5771
20180205,7170,7187,6770,6820,627634,4360
20180202,7771,7771,7320,7387,491190,3666
20180201,7871,7971,7587,7737,444009,3426
20180131,7921,8137,7771,7871,546846,4320
20180130,8338,8404,8071,8204,368630,3023
20180129,8304,8438,8187,8271,437343,3623
20180126,8438,8488,8187,8221,719991,5967
20180125,8604,8704,8321,8438,723628,6128
20180124,8604,8738,8471,8604,681490,5867
20180123,8654,8721,8438,8538,579289,4954
20180122,8438,8671,8171,8571,764879,6494
20180119,8604,9221,8388,8404,3097682,27089
20180118,8137,8287,7871,8287,1382282,11209
20180117,8271,8921,7854,8054,3158927,25831
20180116,7671,7954,7587,7737,869874,6764
20180115,7771,7837,7454,7637,1287382,9856
20180112,7671,8137,7504,7787,1349793,10580
20180111,7520,7804,7387,7637,563832,4297
20180110,7804,7921,7354,7554,821238,6200
20180109,8204,8221,7721,7737,560993,4459
20180108,8121,8221,7871,8137,904258,7290
20180105,7604,7987,7604,7954,661691,5219
20180104,8104,8137,7570,7671,674360,5319
20180103,8004,8371,7754,7937,1789115,14440
20180102,7404,7804,7204,7771,1240327,9370
20171228,6937,7404,6887,7404,967556,6939
20171227,7154,7237,6903,7104,715814,5053
20171226,6770,7254,6637,6737,936120,6520
20171222,6670,7004,6403,6753,909241,6052
20171221,7087,7104,6603,6620,480546,3235
20171220,7220,7437,6970,7004,344177,2461
20171219,7537,7554,6987,7254,458864,3286
20171218,7887,7921,7504,7537,257925,1965
20171215,8104,8137,7787,7871,264864,2099
20171214,8054,8321,7987,8104,308186,2514
20171213,7904,8504,7570,7987,586789,4746
20171212,7954,8304,7721,7771,354000,2784
20171211,7787,8388,7787,8121,766489,6215
20171208,7137,9455,6937,7771,2943874,24197
20171207,7504,7504,6987,7287,675475,4900
20171206,7465,7632,7089,7106,1415287,10292
20171205,8016,8049,7490,7490,1065299,8308
20171204,7565,8091,7523,7933,1407653,10990
20171201,7248,7582,7156,7482,1177335,8728
20171130,7198,7356,7106,7114,528042,3817
20171129,7206,7265,7064,7198,614946,4400
20171128,7148,7373,7106,7265,891078,6458
20171127,7306,7306,7056,7106,763521,5472
20171124,7515,7557,7214,7248,1240611,9159
20171123,6513,7899,6446,7231,4893868,35477
20171122,6755,6847,6455,6513,1653006,10889
20171121,6622,6922,6521,6822,972874,6575
20171120,6764,7123,6555,6597,1055359,7199
20171117,6555,6797,6421,6747,760144,5022
20171116,6538,6680,6204,6638,998617,6458
20171115,6321,6780,6212,6438,1439593,9307
20171114,5945,6371,5929,6313,1299503,8056
20171113,5711,6079,5603,5929,665251,3948
20171110,5937,5937,5678,5728,295641,1712
20171109,6012,6137,5845,5895,299749,1794
20171108,5862,6196,5853,6012,527018,3182
20171107,5762,5912,5703,5903,429024,2505
20171106,5795,5795,5628,5762,332096,1896
20171103,5753,5987,5636,5795,617910,3603
20171102,5837,5845,5703,5762,215395,1238
20171101,5736,5828,5595,5828,285012,1627
20171031,5678,5753,5561,5728,368808,2083
20171030,5369,5762,5277,5736,1056844,5934
20171027,5369,5369,5261,5319,132731,705
20171026,5411,5411,5269,5319,213844,1137
20171025,5486,5494,5227,5377,297898,1590
20171024,5461,5503,5386,5494,264497,1437
20171023,5252,5536,5252,5469,777659,4231
20171020,5144,5327,5060,5294,325467,1698
20171019,5344,5344,5127,5177,325018,1693
20171018,5085,5352,5018,5352,552281,2881
20171017,4893,5110,4851,5094,286168,1430
20171016,5085,5085,4851,4885,183790,907
20171013,4776,5002,4734,4977,277377,1361
20171012,4868,4868,4760,4793,58814,281
20171011,4760,4860,4701,4810,66701,318
20171010,4793,4885,4709,4760,49958,240
20170929,4776,4835,4701,4785,45521,216
20170928,4760,4851,4701,4743,69192,330
20170927,4860,4860,4718,4726,34796,165
20170926,4726,4810,4584,4801,104317,487
20170925,4843,4843,4668,4668,76371,359
20170922,4843,4901,4734,4818,110988,533
20170921,5027,5052,4860,4860,86743,427
20170920,4993,5094,4935,4993,132120,660
20170919,5077,5127,4977,5018,84437,424
20170918,5294,5294,5052,5052,161599,831
20170915,4960,5611,4960,5202,928174,4896
20170914,4927,4927,4818,4927,199695,973
20170913,4977,4985,4843,4943,86240,425
20170912,4843,5018,4760,4927,312287,1533
20170911,4885,4885,4793,4810,73892,357
20170908,4927,4927,4793,4835,42749,206
20170907,4960,4960,4818,4851,76443,371
20170906,4810,4893,4768,4851,95449,459
20170905,4943,4960,4793,4851,70210,340
20170904,4876,4977,4860,4901,108719,533
20170901,5002,5043,4993,5035,172216,864
20170831,4927,5027,4927,5002,92257,459
20170830,4977,5027,4910,4960,82850,411
20170829,4968,4993,4893,4927,60473,298
20170828,4868,5043,4868,4993,180305,895
20170825,4876,4893,4843,4885,64479,314
20170824,4843,4860,4785,4835,88731,428
20170823,4776,4835,4768,4810,115180,554
20170822,4785,4835,4751,4810,86407,415
20170821,4776,4810,4709,4785,114180,545
20170818,4559,4760,4551,4743,154623,726
20170817,4484,4601,4467,4576,62090,282
20170816,4476,4584,4459,4484,104078,468
20170814,4434,4542,4417,4476,86204,384
20170811,4567,4567,4392,4434,217898,974
20170810,4709,4734,4609,4609,62102,290
20170809,4768,4793,4668,4676,71275,337
20170808,4768,4776,4718,4776,54120,257
20170807,4659,4776,4626,4743,69521,329
20170804,4693,4760,4643,4684,25515,119
20170803,4676,4743,4643,4693,58731,275
20170802,4601,4751,4567,4709,61665,288
20170801,4542,4601,4517,4601,50677,231
20170731,4651,4651,4517,4534,125060,567
20170728,4684,4709,4576,4601,132192,610
20170727,4709,4726,4609,4651,64617,301
20170726,4743,4760,4651,4693,55174,259
20170725,4785,4785,4676,4718,84958,399
20170724,4801,4801,4709,4768,56473,269
20170721,4793,4810,4751,4785,51629,246
20170720,4760,4810,4734,4785,45371,216
20170719,4826,4826,4743,4776,43802,208
20170718,4751,4793,4701,4793,69251,328
20170717,4734,4826,4734,4760,55754,266
20170714,4893,4893,4709,4785,99407,473
20170713,4960,4960,4826,4868,64647,314
20170712,4901,5110,4843,4960,339407,1693
20170711,4893,4960,4785,4860,49012,238
20170710,5002,5002,4860,4876,49964,245
20170707,4860,5035,4851,4993,114916,568
20170706,4801,4910,4801,4893,55275,269
20170705,4726,4835,4709,4801,77737,372
20170704,4810,4893,4693,4726,135641,648
20170703,4935,4960,4776,4776,183575,887
20170630,4968,4968,4910,4927,60024,296
20170629,4893,5010,4860,4977,126066,622
20170628,4977,5002,4885,4885,158437,782
20170627,5027,5085,4977,4993,180030,904
20170626,5194,5194,5010,5027,170437,865
20170623,5185,5269,5110,5169,129838,673
20170622,5327,5428,5135,5169,175246,922
20170621,5327,5469,5277,5294,140683,750
20170620,5569,5578,5344,5411,159874,871
20170619,5411,5611,5319,5494,585862,3207
20170616,5185,5311,5119,5261,244240,1279
20170615,5269,5269,5094,5177,164066,844
20170614,5169,5311,5144,5227,384880,2016
20170613,5018,5160,5018,5160,205162,1048
20170612,5077,5135,5027,5043,117299,594
20170609,5119,5119,4960,5077,144593,728
20170608,5002,5068,4927,5043,161228,807
20170607,5152,5152,4977,5027,130389,655
20170605,5010,5135,4985,5127,193335,983
20170602,5077,5110,4960,5010,237575,1198
20170601,5060,5144,5010,5010,253305,1284
20170531,4810,5152,4785,5027,626611,3144
20170530,4701,4760,4668,4743,87156,411
20170529,4709,4751,4651,4668,90335,422
20170526,4734,4751,4651,4751,89677,421
20170525,4760,4776,4709,4734,129533,614
20170524,4601,4751,4576,4734,212323,995
20170523,4601,4618,4509,4609,91323,416
20170522,4542,4609,4526,4567,83635,380
20170519,4584,4593,4509,4584,78234,355
20170518,4567,4609,4509,4526,87527,398
20170517,4609,4668,4576,4609,77808,358
20170516,4676,4726,4593,4609,62563,289
20170515,4701,4760,4542,4668,92994,432
20170512,4860,4893,4693,4701,192491,923
20170511,4818,4851,4751,4776,84832,406
20170510,4726,4843,4726,4785,73090,351
20170508,4668,4818,4659,4785,163515,780
20170504,4651,4709,4576,4668,67138,312
20170502,4626,4626,4542,4618,43491,199
20170428,4651,4668,4593,4609,75198,348
20170427,4609,4676,4609,4659,41868,194
20170426,4684,4726,4609,4659,78874,366
20170425,4676,4726,4618,4659,80808,375
20170424,4793,4810,4634,4634,97395,458
20170421,4793,4826,4743,4785,83335,398
20170420,4776,4826,4701,4743,72665,346
20170419,4785,4826,4726,4751,79916,381
20170418,4776,4793,4626,4743,93000,436
20170417,4618,4743,4618,4726,89659,421
20170414,4584,4659,4526,4593,111054,510
20170413,4651,4684,4517,4584,102635,469
20170412,4701,4701,4534,4593,93084,426
20170411,4709,4760,4593,4651,134952,628
20170410,4935,4935,4659,4659,171299,808
20170407,4943,4943,4810,4893,76749,373
20170406,4935,4935,4835,4876,85671,417
20170405,4943,4993,4810,4960,149293,727
20170404,5060,5060,4901,4952,102383,511
20170403,4960,5010,4885,5010,135228,671
20170331,4885,4910,4810,4901,69407,337
20170330,4985,5002,4801,4843,128593,625
20170329,5018,5210,4860,4985,357150,1786
20170328,4943,4993,4801,4977,129545,634
20170327,4901,4977,4843,4893,142725,704
20170324,4709,4910,4684,4843,198443,954
20170323,4701,4760,4618,4634,73102,344
20170322,4576,4718,4492,4701,80940,372
20170321,4534,4584,4451,4576,115599,523
20170320,4609,4609,4534,4542,31479,143
20170317,4593,4626,4551,4559,60036,275
20170316,4668,4676,4559,4626,55437,256
20170315,4618,4676,4559,4626,55293,254
20170314,4576,4709,4576,4659,57928,268
20170313,4743,4743,4609,4651,47090,219
20170310,4659,4659,4601,4634,45054,209
20170309,4626,4676,4584,4659,66084,305
20170308,4734,4734,4593,4626,76371,353
20170307,4709,4743,4626,4676,66383,308
20170306,4643,4709,4593,4709,55964,260
20170303,4760,4793,4659,4726,47222,222
20170302,4885,4901,4760,4776,66934,322
20170228,4801,4843,4760,4810,45964,221
20170227,4952,4952,4776,4785,88814,429
20170224,4927,4960,4843,4910,78659,385
20170223,4977,5018,4927,4943,62641,310
20170222,4960,5068,4876,4977,95168,473
20170221,4893,4977,4885,4935,32407,160
20170220,4968,5002,4876,4935,60575,299
20170217,4927,5002,4918,4952,29754,148
20170216,5002,5010,4910,4977,48988,243
20170215,4868,4985,4826,4977,92317,456
20170214,4768,4860,4760,4810,39665,190
20170213,4927,4927,4760,4793,93371,449
20170210,4943,4960,4843,4918,68737,336
20170209,4960,5010,4843,4927,57503,283
20170208,4977,5060,4901,4960,51467,255
20170207,4835,5060,4826,5010,164287,821
20170206,4801,4893,4801,4826,53665,259
20170203,4726,4818,4693,4810,177395,844
20170202,4835,4876,4726,4726,172425,829
20170201,4693,4835,4693,4768,203760,970
20170131,4734,4793,4676,4693,101784,480
20170126,4810,4810,4651,4743,261683,1232
20170125,4818,4910,4701,4810,111994,531
20170124,4843,4918,4768,4835,68467,329
20170123,4943,5010,4843,4843,126234,618
20170120,5169,5169,4993,4993,96820,488
20170119,5160,5277,5094,5152,48814,251
20170118,5135,5244,5094,5177,56299,290
20170117,5319,5352,5160,5177,79335,417
20170116,5361,5453,5286,5311,67904,364
20170113,5402,5402,5235,5361,61551,328
20170112,5227,5319,5202,5277,90976,477
20170111,5286,5411,5235,5269,109437,580
20170110,5344,5386,5227,5286,89892,476
20170109,5428,5461,5311,5386,119473,643
20170106,5494,5528,5344,5377,106862,577
20170105,5569,5578,5444,5494,121503,670
20170104,5528,5578,5402,5503,148455,812
20170103,5386,5544,5386,5528,113557,623
20170102,5436,5494,5344,5394,141066,763
20161229,5252,5553,5252,5469,311521,1694
20161228,5035,5361,5010,5319,505437,2654
20161227,5027,5094,4935,5010,108689,543
20161226,5035,5110,4977,5010,159455,802
20161223,4893,5127,4826,5035,424617,2124
20161222,4935,4993,4826,4876,295108,1445
20161221,4893,4968,4793,4868,122976,597
20161220,4893,4977,4843,4893,118108,579
20161219,4876,4927,4785,4835,99174,477
20161216,5043,5043,4910,4910,82790,408
20161215,4968,5052,4851,4927,215102,1060
20161214,5010,5052,4935,5018,108952,546
20161213,4960,4993,4876,4960,75629,374
20161212,4659,4860,4643,4860,105293,501
20161209,4501,4659,4476,4643,113719,519
20161208,4626,4659,4442,4467,213760,965
20161207,4709,4751,4384,4567,180509,817
20161206,4734,4826,4643,4693,93814,442
20161205,4860,4952,4643,4693,267503,1260
20161202,5085,5110,4893,4960,98072,486
20161201,5094,5094,4960,5035,88036,441
20161130,5060,5127,4952,5085,192796,967
20161129,4876,5094,4876,4927,119090,593
20161128,4993,5060,4893,4952,39958,198
20161125,4776,5018,4776,4960,121407,598
20161124,4826,4935,4785,4785,109539,531
20161123,5035,5344,4793,4876,210311,1037
20161122,5043,5169,4943,5035,79287,398
20161121,5119,5169,5035,5043,67958,344
20161118,5277,5277,5094,5194,87515,451
20161117,5244,5302,5144,5227,84641,440
20161116,5261,5361,5144,5311,73323,385
20161115,5419,5428,5152,5244,176802,925
20161114,5428,5511,5361,5419,71982,389
20161111,5269,5528,5210,5461,276090,1501
20161110,5286,5377,5144,5311,307198,1629
20161109,5327,5386,4634,5010,594772,2928
20161108,5185,5336,5102,5302,215623,1130
20161107,5035,5127,4960,5043,93940,473
20161104,4893,5052,4843,5027,97449,484
20161103,4776,5077,4776,4927,187401,928
20161102,5060,5135,4751,4826,261605,1282
20161101,5018,5194,4977,5052,308581,1570
20161031,5469,5469,5010,5052,399281,2054
20161028,5778,5837,5494,5503,160168,894
20161027,5603,5828,5603,5828,159557,913
20161026,5553,5711,5419,5586,228491,1268
20161025,5979,5987,5653,5678,239862,1380
20161024,6104,6104,5970,5979,154072,927
20161021,5837,6338,5812,6121,574743,3493
20161020,6037,6096,5862,5929,126263,752
20161019,5787,5995,5787,5987,97988,580
20161018,5770,5979,5745,5845,173641,1020
20161017,5912,5995,5653,5770,389629,2244
20161014,5995,6079,5820,5954,208904,1239
20161013,6246,6321,5962,5962,192868,1169
20161012,6212,6363,6212,6246,136359,855
20161011,6212,6346,6171,6296,142916,893
20161010,6129,6346,6096,6196,119305,745
20161007,6413,6480,6012,6129,330826,2069
20161006,6404,6496,6363,6413,182120,1170
20161005,6663,6680,6379,6404,549629,3558
20161004,6797,6855,6496,6655,500216,3334
20160930,7214,7214,6847,6972,627760,4399
20160929,7056,7223,6989,7131,386275,2755
20160928,6847,7072,6847,7014,193407,1349
20160927,6797,6931,6722,6822,236802,1615
20160926,7089,7164,6864,6914,245090,1718
20160923,6922,7139,6880,7098,374766,2640
20160922,6905,6931,6830,6922,165719,1140
20160921,7014,7047,6814,6830,248174,1710
20160920,6947,7098,6897,6939,201216,1399
20160919,7039,7081,6939,6947,156036,1090
20160913,7173,7173,6905,7064,222653,1566
20160912,6981,7214,6939,7039,339772,2409
20160909,6897,7148,6814,7106,358186,2519
20160908,6772,6947,6663,6805,359108,2438
20160907,6847,6847,6597,6772,190677,1281
20160906,6672,6847,6597,6772,180072,1217
20160905,6738,6872,6588,6680,219317,1477
20160902,6722,6747,6521,6705,294251,1942
20160901,6956,7315,6713,6738,666449,4600
20160831,6613,6730,6438,6597,247551,1634
20160830,6597,6730,6546,6638,295389,1958
20160829,6947,6947,6505,6513,622737,4147
20160826,6939,7256,6939,7014,534287,3784
20160825,7290,7340,6931,6964,491820,3478
20160824,7490,7498,7273,7290,185090,1356
20160823,7265,7482,7239,7465,191671,1417
20160822,7582,7582,7281,7290,291329,2141
20160819,7457,7590,7423,7540,197317,1479
20160818,7490,7565,7423,7457,157222,1176
20160817,7715,7715,7432,7457,372856,2801
20160816,7849,7882,7615,7715,228725,1764
20160812,8016,8083,7774,7874,375910,2971
20160811,8058,8066,7907,7991,298090,2380
20160810,7882,7999,7816,7999,405695,3214
20160809,7573,8049,7565,7849,935485,7373
20160808,7540,7632,7457,7565,249689,1879
20160805,7590,7682,7490,7490,330437,2507
20160804,7398,7624,7365,7565,309611,2323
20160803,7348,7490,7239,7323,443246,3266
20160802,7532,7590,7315,7340,443084,3274
20160801,7649,7707,7432,7515,352725,2671
20160729,7290,7724,7273,7649,582737,4403
20160728,7331,7381,7231,7273,365269,2666
20160727,7657,7690,7273,7273,810383,6024
20160726,7791,7866,7649,7657,409293,3150
20160725,7874,8016,7807,7824,437958,3455
20160722,7949,8049,7540,7832,775695,6036
20160721,7907,8066,7757,7941,802946,6372
20160720,7607,7882,7482,7791,717826,5579
20160719,7899,7899,7573,7607,404042,3106
20160718,7941,7941,7498,7849,558012,4308
20160715,8233,8300,7799,7849,666395,5325
20160714,8116,8275,7933,8150,718144,5831
20160713,8191,8292,8066,8133,1346036,10865
20160712,7665,8267,7590,8267,2204928,17611
20160711,7331,7548,7139,7548,987216,7251
20160708,7657,7657,7265,7265,937293,6961
20160707,7732,7907,7615,7657,852096,6623
20160706,7440,7674,7331,7640,1116497,8409
20160705,7348,7490,7139,7490,817713,5964
20160704,7365,7607,7223,7315,1130952,8395
20160701,7231,7406,7189,7281,1306509,9518
20160630,6597,7665,6597,7331,4452066,32155
20160629,6363,6538,6296,6363,718928,4607
20160628,5929,6246,5862,6229,630024,3859
20160627,5661,6162,5661,5995,830168,4956
20160624,6622,6622,5736,5945,1148174,7033
20160623,6546,6622,6430,6538,397311,2594
20160622,6755,6822,6480,6580,698539,4607
20160621,7006,7022,6705,6730,1043527,7096
20160620,6847,6914,6764,6914,693287,4745
20160617,6388,7081,6388,6822,2395347,16325
20160616,6630,6663,6296,6296,512737,3294
20160615,6730,6789,6521,6605,544126,3617
20160614,6379,6672,6338,6647,700850,4569
20160613,6413,6563,6296,6313,478395,3063
20160610,6680,6680,6530,6555,245299,1613
20160609,6480,6755,6354,6622,938030,6184
20160608,6396,6680,6388,6480,733880,4817
20160607,6346,6488,6229,6480,512210,3282
20160603,6146,6338,6087,6263,438868,2729
20160602,5929,6146,5920,6096,215491,1303
20160601,5895,5987,5828,5987,104641,620
20160531,5728,5954,5728,5903,187916,1103
20160530,5845,5887,5720,5720,218437,1263
20160527,5845,5995,5803,5903,98850,584
20160526,5962,6045,5795,5845,173880,1023
20160525,6162,6162,5970,6004,193132,1167
20160524,6012,6196,5945,6054,457916,2793
20160523,5787,6012,5753,5962,401102,2370
20160520,5595,5728,5578,5711,118964,675
20160519,5695,5728,5528,5628,164000,919
20160518,5820,5845,5528,5703,617814,3485
20160517,5895,5962,5837,5895,130784,771
20160516,5845,5929,5845,5845,164623,968
20160513,5878,5987,5845,5903,105958,626
20160512,5962,5962,5862,5878,110569,653
20160511,5995,6029,5745,5979,135677,802
20160510,5720,5987,5720,5979,188228,1111
20160509,5895,5929,5686,5720,232413,1339
20160504,5979,6045,5870,5895,252988,1500
20160503,6029,6104,6012,6037,151922,920
20160502,6229,6313,5979,5995,329491,2007
20160429,6263,6388,6263,6271,152228,960
20160428,6313,6354,6196,6346,262006,1645
20160427,6446,6463,6212,6296,546048,3432
20160426,6438,6513,6313,6446,355491,2282
20160425,6713,6738,6430,6430,337970,2226
20160422,6546,6864,6513,6680,939970,6333
20160421,6480,6521,6363,6521,310581,2008
20160420,6563,6588,6363,6413,304251,1976
20160419,6221,6505,6154,6496,476192,3023
20160418,6154,6246,6029,6221,240659,1475
20160415,6321,6346,6162,6179,335587,2083
20160414,6530,6597,6271,6313,467772,2980
20160412,6438,6822,6104,6513,1635593,10806
20160411,6555,6563,6379,6488,439647,2855
20160408,6196,6538,6179,6513,612210,3890
20160407,6363,6371,6154,6196,480234,2989
20160406,6505,6505,6237,6363,807772,5131
20160405,6346,6571,6304,6513,899389,5801
20160404,6396,6513,6221,6413,750419,4765
20160401,6296,6413,6204,6346,916934,5788
20160331,5803,6196,5803,6196,1414844,8570
20160330,5653,5803,5553,5787,351222,1996
20160329,5595,5653,5544,5603,342389,1918
20160328,5461,5595,5436,5503,403743,2230
20160325,5402,5486,5344,5461,270629,1468
20160324,5469,5511,5336,5411,404048,2186
20160323,5703,5778,5428,5428,899575,4952
20160322,5878,5895,5553,5703,564551,3214
20160321,5903,5962,5720,5862,243982,1426
20160318,5736,5920,5678,5895,332790,1942
20160317,5845,5878,5678,5728,407281,2347
20160316,6096,6121,5837,5845,410982,2438
20160315,6104,6204,5995,6087,284653,1734
20160314,6096,6121,5912,6029,323377,1941
20160311,6154,6154,5970,6029,229641,1385
20160310,5987,6237,5895,6162,713222,4335
20160309,5820,6029,5753,5895,408012,2409
20160308,5995,6029,5678,5762,395353,2300
20160307,6096,6121,5812,5962,385916,2281
20160304,6137,6171,5929,6054,520263,3155
20160303,5536,6179,5519,6129,996114,5871
20160302,5595,5611,5511,5586,363479,2022
20160229,5394,5670,5394,5444,630856,3507
20160226,5344,5444,5311,5361,256934,1378
20160225,5319,5494,5244,5361,359719,1932
20160224,5336,5394,5127,5252,269958,1430
20160223,5503,5595,5286,5336,445521,2408
20160222,5261,5569,5185,5511,476084,2592
20160219,5428,5428,5177,5277,483204,2544
20160218,5194,5361,5152,5344,501886,2627
20160217,5428,5528,5010,5094,428006,2252
20160216,5511,5720,5419,5419,564814,3145
20160215,5436,5611,5185,5561,515293,2814
20160212,5745,5828,5160,5311,746048,4085
20160211,5962,6121,5887,5887,420838,2519
20160205,6563,6672,6171,6187,769108,4846
20160204,6672,6847,6571,6571,384689,2575
20160203,6872,6897,6630,6647,670760,4498
20160202,6939,7139,6738,6922,466754,3239
20160201,6981,7248,6864,6914,536611,3769
20160129,7072,7089,6747,6872,668820,4572
20160128,7256,7398,6972,7064,672491,4781
20160127,7682,7874,7298,7348,933868,7083
20160126,7298,7582,7214,7565,536108,4005
20160125,7348,7432,7248,7298,410359,3005
20160122,7490,7498,7148,7265,406281,2958
20160121,7607,7699,7265,7432,480467,3596
20160120,7899,8033,7365,7482,986192,7637
20160119,7323,7766,7198,7682,577719,4316
20160118,7106,7440,7106,7365,599126,4330
20160115,7415,7599,7231,7331,728671,5406
20160114,7432,7498,7148,7298,864084,6324
20160113,7657,7724,7448,7674,547275,4145
20160112,7924,8016,7523,7557,971970,7461
20160111,8133,8350,7933,7933,732527,5979
20160108,7916,8150,7724,8066,1028269,8225
20160107,7507,8225,7281,8066,1352269,10505
20160106,7265,7749,7047,7582,1160509,8633
20160105,6780,7148,6697,7123,677802,4732
20160104,6697,7089,6697,6864,715060,4969
20151230,6430,6730,6329,6630,453515,3013
20151229,6062,6480,6012,6371,376701,2372
20151228,6062,6062,5795,5970,266970,1571
20151224,6037,6229,5937,5995,198533,1209
20151223,6254,6296,5937,5970,413371,2530
20151222,6404,6463,6179,6212,321018,2006
20151221,6396,6488,6271,6404,269407,1713
20151218,6171,6496,6171,6463,361743,2310
20151217,6246,6421,6146,6288,429599,2691
20151216,5995,6279,5853,6212,772090,4730
20151215,5645,5912,5528,5895,344593,1970
20151214,5469,5653,5419,5561,372563,2069
20151211,5837,5962,5620,5703,471557,2695
20151210,6329,6421,5736,5845,794246,4780
20151209,6187,6597,6179,6329,1028731,6502
20151208,6814,6922,6354,6605,754234,4943
20151207,6947,7173,6872,6872,728072,5107
20151204,6546,7039,6538,6872,870347,5963
20151203,6847,7256,6655,6680,1552090,10772
20151202,5979,7123,5979,6814,3603234,23615
20151201,5745,5962,5628,5903,592419,3458
20151130,5628,5703,5536,5678,288455,1629
20151127,5770,5845,5636,5636,280162,1600
20151126,5528,5853,5486,5720,838084,4786
20151125,5678,5736,5519,5528,395539,2200
20151124,5711,5878,5595,5711,547012,3142
20151123,5753,5753,5478,5636,738874,4112
20151120,6012,6212,5678,5703,894293,5304
20151119,6129,6129,5812,5920,524473,3104
20151118,5945,6338,5820,5995,975988,5957
20151117,5678,5995,5678,5878,379904,2216
20151116,5912,6004,5661,5661,336455,1960
20151113,5937,6045,5778,6029,548707,3236
20151112,5862,6179,5862,6062,1348898,8156
20151111,5202,5979,5127,5711,1038293,5826
20151110,5135,5286,4743,5252,475922,2414
20151109,5402,5402,5068,5068,640784,3346
20151106,5327,5494,5018,5394,1585048,8489
20151105,4726,5094,4726,4960,861611,4259
20151104,4534,4726,4492,4693,210910,972
20151103,4501,4593,4317,4526,237689,1058
20151102,4509,4609,4484,4501,148641,674
20151030,4576,4576,4426,4459,126689,569
20151029,4709,4726,4542,4576,146898,681
20151028,4534,4734,4467,4718,286533,1319
20151027,4684,4709,4476,4484,359970,1643
20151026,4793,4818,4651,4668,315246,1488
20151023,4876,4977,4785,4785,280449,1366
20151022,4776,4918,4760,4876,166593,806
20151021,4843,4918,4818,4868,195389,949
20151020,4818,4910,4743,4885,219527,1064
20151019,4768,4860,4676,4818,232030,1107
20151016,4684,4801,4684,4726,316760,1502
20151015,4542,4676,4509,4651,271174,1245
20151014,4810,4826,4526,4542,599898,2770
20151013,5027,5027,4801,4810,294557,1437
20151012,5002,5177,4843,4993,1120838,5583
20151008,4760,4893,4743,4785,146743,703
20151007,4893,4952,4643,4760,268275,1270
20151006,5027,5094,4876,4876,239671,1184
20151005,5085,5135,4960,4968,232186,1173
20151002,5010,5068,4876,4977,223826,1115
20151001,5060,5110,4968,4985,215006,1082
20150930,5177,5227,4901,4960,654916,3260
20150925,5411,5411,5252,5336,154766,820
20150924,5469,5511,5261,5428,200904,1079
20150923,5444,5511,5286,5436,276563,1486
20150922,5661,5695,5436,5519,277892,1537
20150921,5461,5736,5411,5553,658599,3677
20150918,5160,5586,5119,5553,610790,3289
20150917,5369,5411,5068,5094,419389,2168
20150916,5144,5302,5018,5294,519994,2697
20150915,4985,5119,4960,5077,191413,963
20150914,5319,5377,4968,5010,290545,1487
20150911,5235,5377,5077,5286,185898,983
20150910,5077,5227,5027,5227,212563,1087
20150909,4935,5244,4918,5210,332335,1692
20150908,4960,5077,4693,4776,312605,1503
20150907,5144,5286,4910,4960,324743,1645
20150904,5503,5653,5068,5210,447569,2394
20150903,5436,5812,5327,5411,453072,2526
20150902,5194,5361,5144,5311,250707,1313
20150901,5461,5528,5302,5361,215539,1168
20150831,5553,5653,5453,5461,220222,1217
20150828,5711,5745,5553,5569,322198,1818
20150827,5611,5912,5386,5519,991000,5576
20150826,4960,5569,4910,5478,1141569,6040
20150825,4801,5110,4509,4927,1616623,7772
20150824,5027,5327,4559,4626,841359,4111
20150821,5018,5361,4893,5077,795114,4071
20150820,5778,6079,5511,5511,371886,2175
20150819,5711,5995,5302,5878,510713,2870
20150818,6421,6521,5870,5870,472293,2869
20150817,6622,6672,6346,6413,196826,1276
20150813,6363,6705,6329,6647,387808,2538
20150812,6730,6814,5895,6346,886521,5601
20150811,7448,7448,6897,6931,313126,2226
20150810,7582,7582,7239,7331,190569,1402
20150807,7515,7657,7365,7515,261904,1968
20150806,7381,7941,7356,7674,751737,5816
20150805,7206,7448,7056,7273,745114,5414
20150804,7281,7465,7089,7248,695772,5011
20150803,7724,7782,7331,7398,187329,1423
20150731,7290,7849,7290,7841,645407,4876
20150730,8283,8400,7507,7557,508635,4004
20150729,9152,9235,8150,8150,420461,3634
20150728,8567,9001,7766,9001,539527,4594
20150727,9168,9285,8684,8851,415850,3710
20150724,9285,9536,8968,9369,562377,5242
20150723,9736,9953,9235,9285,819317,7883
20150722,9719,9903,9352,9402,951677,9123
20150721,9436,9987,9118,9987,1040467,9946
20150720,8734,9335,8300,9185,651150,5854
20150717,8818,9068,8534,8601,309102,2691
20150716,8717,8851,8383,8734,404725,3508
20150715,8584,9085,8500,8684,1029868,9052
20150714,8150,8601,7999,8467,692479,5757
20150713,8100,8342,7782,7983,580910,4665
20150710,7866,8016,7707,7749,547725,4316
20150709,7214,7849,7014,7732,700826,5220
20150708,7432,7599,6905,7432,1058317,7712
20150707,9035,9452,7298,7365,2127952,17515
20150706,9085,9603,8684,8884,989329,8989
20150703,9252,9486,8834,9285,831192,7564
20150702,9269,9719,8935,9202,988263,9250
20150701,8684,9402,8317,9135,1282731,11355
20150630,8550,8868,7941,8701,1395365,11740
20150629,8985,9385,8601,8684,888892,8035
20150626,9402,9920,9202,9335,1714533,16446
20150625,8108,9619,8033,9402,2598665,23089
20150624,7348,8342,7348,8108,1450305,11299
20150623,7265,7398,7181,7273,556683,4066
20150622,7640,7682,7173,7248,683275,4987
20150619,7816,7949,7640,7665,533581,4147
20150618,7599,7799,7406,7774,496826,3805
20150617,7348,7799,7348,7515,831240,6343
20150616,6956,7649,6956,7348,1134341,8280
20150615,6814,7047,6713,6864,396030,2742
20150612,7022,7139,6764,6839,384796,2671
20150611,6956,6964,6680,6931,477018,3248
20150610,7432,7432,6914,6997,530898,3778
20150609,7281,7473,7214,7398,500581,3675
20150608,7148,7198,6947,7139,325413,2303
20150605,7022,7248,6905,7056,408731,2876
20150604,7189,7590,6989,7231,749204,5491
20150603,7248,7465,6705,7139,783240,5602
20150602,6931,7306,6597,7181,2087820,14621
20150601,6404,6713,6179,6597,493749,3191
20150529,5995,6505,5962,6413,435665,2736
20150528,6196,6329,5937,6037,525910,3201
20150527,6104,6346,6037,6237,286988,1768
20150526,6513,6513,5895,6212,665695,4085
20150522,6597,6672,6179,6513,488982,3115
20150521,6655,6864,6463,6588,551581,3663
20150520,6263,6605,6112,6546,674838,4346
20150519,6179,6338,6012,6212,379910,2346
20150518,6471,6471,5954,6179,483868,2980
20150515,6496,6588,6313,6455,369275,2378
20150514,6304,6956,6229,6438,601491,3944
20150513,6321,6329,6045,6304,233192,1445
20150512,6421,6563,6179,6313,370126,2346
20150511,6338,6430,6012,6338,487054,3069
20150508,5745,6396,5711,6171,745749,4549
20150507,5595,5862,5511,5828,1240701,7029
20150506,6229,6229,5302,5428,1973168,10941
20150504,6630,6630,6129,6237,465892,2939
20150430,6931,6939,6446,6663,816635,5387
20150429,6914,7131,6797,6964,578251,4046
20150428,7256,7256,6789,6847,821832,5739
20150427,7306,7490,7223,7223,326132,2392
20150424,7674,7749,7290,7381,440401,3273
20150423,8016,8033,7348,7590,632108,4892
20150422,7565,8450,7365,7974,1541701,12404
20150421,7749,8183,7582,7749,833856,6567
20150420,7432,7974,7356,7740,976868,7492
20150417,7682,7749,7306,7715,899611,6749
20150416,7849,8024,7490,7715,1887168,14615
20150415,7507,7507,7106,7315,2903683,20390
20150414,7649,7724,7348,7515,899084,6808
20150413,6814,7740,6780,7665,1532216,11166
20150410,6897,7148,6764,6797,380479,2643
20150409,6672,7006,6672,6847,595910,4083
20150408,6663,6755,6471,6605,490671,3255
20150407,6363,6722,6346,6597,861808,5690
20150406,6263,6338,6137,6271,225731,1403
20150403,6446,6463,6171,6288,386491,2420
20150402,6622,6647,6321,6379,352072,2281
20150401,6538,6538,6396,6463,245419,1580
20150331,6571,6722,6430,6538,263287,1728
20150330,6755,6755,6455,6505,228653,1496
20150327,6914,6914,6571,6638,171120,1146
20150326,7098,7148,6755,6847,583180,4026
20150325,7014,7315,6855,7281,839988,5983
20150324,6713,6939,6630,6922,352778,2410
20150323,6713,6897,6580,6713,281707,1896
20150320,6463,6914,6329,6713,551287,3693
20150319,6797,6797,6237,6597,671311,4355
20150318,7039,7047,6672,6747,391988,2677
20150317,6830,7231,6797,6947,760078,5336
20150316,6914,7014,6764,6822,310856,2142
20150313,6889,6989,6747,6905,455509,3118
20150312,7031,7089,6889,6905,380790,2656
20150311,7114,7123,6797,6981,454371,3151
20150310,7557,7582,6905,7123,760922,5465
20150309,7398,7615,7231,7432,905048,6748
20150306,7006,7290,6814,7231,859838,6066
20150305,6931,6989,6814,6830,302461,2084
20150304,6780,6981,6730,6855,382281,2617
20150303,7014,7298,6847,6847,487892,3460
20150302,7123,7223,6931,7064,423389,2981
20150227,7457,7548,7214,7265,397347,2912
20150226,7331,7640,7181,7457,445659,3316
20150225,7849,7949,7331,7398,637006,4830
20150224,7081,7799,7014,7682,1463012,10969
20150223,6947,7423,6663,7014,580371,4087
20150217,6914,7056,6513,6947,748970,5054
20150216,7323,7749,7056,7056,1344557,9843
20150213,6655,7515,6605,7348,2112808,15016
20150212,6805,6847,6571,6755,603509,4031
20150211,7022,7089,6764,6905,463982,3191
20150210,6713,7148,6555,7014,618401,4219
20150209,7123,7173,6630,6780,580174,3967
20150206,6730,7098,6613,7006,904168,6234
20150205,6571,6880,6413,6647,844880,5657
20150204,5895,6713,5645,6404,875078,5246
20150203,5853,5945,5569,5845,364311,2089
20150202,5787,5962,5636,5845,268240,1564
20150130,6070,6263,5686,5878,606760,3573
20150129,6329,6413,6079,6121,310078,1914
20150128,6196,6546,6196,6346,299647,1896
20150127,5929,6496,5895,6263,714018,4418
20150126,5544,6096,5469,6012,1027371,5936
20150123,5536,5595,5311,5553,696826,3783
20150122,5787,5787,5511,5595,477467,2690
20150121,5645,5762,5578,5653,392886,2237
20150120,5528,5753,5352,5695,890222,4962
20150119,5094,5661,5068,5478,2058431,11058
20150116,4927,5127,4760,4927,515641,2559
20150115,4751,4985,4668,4927,780587,3796
20150114,4426,4693,4267,4693,426204,1919
20150113,4242,4476,4225,4392,335048,1475
20150112,4100,4317,4100,4284,200168,850
20150109,4359,4451,4142,4225,238737,1026
20150108,4342,4409,4292,4359,137413,598
20150107,4434,4476,4325,4359,219479,963
20150106,4375,4509,4325,4426,504174,2220
20150105,4158,4409,4100,4409,335431,1429
20150102,4208,4267,4058,4192,260820,1083
20141230,4192,4242,4041,4200,332820,1378
20141229,4334,4359,4183,4217,261659,1115
20141226,4392,4434,4175,4350,537515,2319
20141224,4108,4559,4100,4392,1383425,6050
20141223,4108,4317,4025,4150,556635,2312
20141222,3908,4484,3874,4225,1352796,5741
20141219,3749,3925,3632,3908,857192,3249
20141218,3507,3799,3457,3749,1302228,4783
20141217,3549,3649,3507,3507,526958,1868
20141216,3791,3908,3490,3557,1049994,3798
20141215,3641,4025,3524,3791,2706419,10314
20141212,4200,4342,3574,3591,7666126,29550
